{"stat.chestOpened":4,"stat.useItem.minecraft.string":8,"stat.pickup.minecraft.spruce_door":1,"stat.useItem.minecraft.quartz_block":21,"stat.useItem.minecraft.stone":608,"stat.useItem.minecraft.jungle_fence":3,"stat.useItem.minecraft.repeater":2,"stat.leaveGame":8,"stat.useItem.minecraft.beacon":5,"stat.useItem.minecraft.bookshelf":4,"stat.useItem.minecraft.waterlily":25,"stat.useItem.minecraft.skull":232,"stat.useItem.minecraft.white_shulker_box":13,"stat.useItem.minecraft.diamond_sword":18,"stat.useItem.minecraft.glowstone":5,"stat.jump":685,"stat.swimOneCm":15215,"stat.drop.minecraft.skull":194,"stat.pickup.minecraft.white_shulker_box":13,"stat.climbOneCm":4816,"stat.fallOneCm":3212,"stat.pickup.minecraft.iron_ingot":1,"stat.crouchOneCm":10596,"stat.useItem.minecraft.coal_block":124,"stat.useItem.minecraft.redstone_torch":2,"stat.useItem.minecraft.obsidian":1,"stat.useItem.minecraft.dirt":277,"achievement.exploreAllBiomes":{"value":0,"progress":["Jungle","The Void"]},"stat.useItem.minecraft.water_bucket":147,"stat.craftingTableInteraction":2,"stat.pickup.minecraft.rotten_flesh":17,"stat.useItem.minecraft.diamond_hoe":12,"stat.useItem.minecraft.red_flower":5,"stat.useItem.minecraft.egg":21,"stat.useItem.minecraft.vine":74,"stat.useItem.minecraft.red_nether_brick":2,"stat.damageTaken":800,"stat.useItem.minecraft.stone_brick_stairs":207,"stat.aviateOneCm":4419791,"stat.flyOneCm":1840700,"stat.useItem.minecraft.end_portal_frame":1,"stat.pickup.minecraft.wheat_seeds":2,"stat.useItem.minecraft.magma":1,"stat.damageDealt":1453,"stat.timeSinceDeath":74059,"stat.useItem.minecraft.crafting_table":1,"stat.useItem.minecraft.sign":5,"stat.drop.minecraft.log":1,"stat.useItem.minecraft.wooden_slab":58,"stat.useItem.minecraft.iron_door":3,"stat.useItem.minecraft.iron_bars":1,"stat.walkOneCm":539999,"stat.useItem.minecraft.torch":33,"stat.useItem.minecraft.lever":2,"stat.useItem.minecraft.pumpkin":1,"stat.useItem.minecraft.log":106,"stat.useItem.minecraft.oak_stairs":2,"stat.useItem.minecraft.cobblestone":104,"stat.useItem.minecraft.tnt":2,"stat.useItem.minecraft.gravel":7,"stat.useItem.minecraft.lava_bucket":16,"stat.pickup.minecraft.redstone_block":1,"stat.drop.minecraft.sign":1,"stat.useItem.minecraft.jungle_fence_gate":2,"stat.drop.minecraft.bedrock":1,"stat.useItem.minecraft.double_plant":9,"stat.useItem.minecraft.redstone_block":1,"stat.useItem.minecraft.redstone":27,"stat.useItem.minecraft.milk_bucket":5,"stat.useItem.minecraft.sea_lantern":28,"stat.shulkerBoxOpened":27,"stat.useItem.minecraft.spruce_fence":49,"stat.useItem.minecraft.leaves":340,"stat.useItem.minecraft.trapdoor":3,"stat.sprintOneCm":97279,"stat.pickup.minecraft.cyan_shulker_box":3,"stat.useItem.minecraft.stained_glass":17,"stat.useItem.minecraft.tallgrass":277,"stat.useItem.minecraft.fence":16,"stat.useItem.minecraft.stone_stairs":243,"stat.useItem.minecraft.fireworks":19,"stat.useItem.minecraft.stone_slab":125,"achievement.openInventory":292,"stat.useItem.minecraft.barrier":9,"stat.useItem.minecraft.wheat_seeds":12,"stat.useItem.minecraft.iron_block":2,"stat.useItem.minecraft.ender_eye":1,"stat.mobKills":7,"stat.useItem.minecraft.stonebrick":43,"stat.useItem.minecraft.dye":31,"stat.useItem.minecraft.wooden_door":2,"stat.useItem.minecraft.mossy_cobblestone":19,"stat.deaths":5,"stat.useItem.minecraft.cobblestone_wall":75,"stat.useItem.minecraft.spruce_door":7,"stat.drop":17,"stat.pickup.minecraft.egg":1,"stat.playOneMinute":392192,"stat.pickup.minecraft.torch":1,"stat.useItem.minecraft.banner":2,"stat.sneakTime":10892,"stat.drop.minecraft.redstone_block":1,"stat.useItem.minecraft.cyan_shulker_box":6,"stat.killEntity.Zombie":3,"stat.drop.minecraft.white_shulker_box":8,"stat.diveOneCm":68233,"stat.useItem.minecraft.web":14}