{"stat.useItem.minecraft.bow":38,"stat.leaveGame":3,"stat.drop.minecraft.cyan_shulker_box":6,"stat.drop.minecraft.redstone":18,"stat.useItem.minecraft.diamond_sword":90,"stat.drop.minecraft.enchanted_book":3,"stat.swimOneCm":333,"stat.pickup.minecraft.enchanted_book":2,"stat.climbOneCm":3307,"stat.drop.minecraft.feather":4,"stat.enderchestOpened":32,"stat.useItem.minecraft.dirt":2,"achievement.exploreAllBiomes":{"value":0,"progress":["Jungle","The Void"]},"stat.pickup.minecraft.rotten_flesh":319,"stat.useItem.minecraft.egg":1,"stat.drop.minecraft.elytra":3,"stat.aviateOneCm":6607599,"stat.pickup.minecraft.diamond_leggings":1,"stat.useItem.minecraft.anvil":5,"stat.flyOneCm":638495,"stat.pickup.minecraft.redstone":18,"stat.timeSinceDeath":122619,"stat.drop.minecraft.diamond_chestplate":1,"stat.useItem.minecraft.golden_carrot":10,"stat.pickup.minecraft.iron_shovel":1,"stat.pickup.minecraft.diamond_shovel":1,"stat.useItem.minecraft.double_plant":57,"stat.drop.minecraft.diamond_helmet":1,"stat.drop.minecraft.anvil":1,"stat.sprintOneCm":28284,"stat.pickup.minecraft.cyan_shulker_box":11,"stat.drop.minecraft.fishing_rod":1,"achievement.openInventory":212,"stat.useItem.minecraft.wooden_button":1,"stat.drop.minecraft.fireworks":128,"stat.pickup.minecraft.diamond_chestplate":1,"stat.useItem.minecraft.dye":1,"stat.deaths":3,"stat.drop":44,"stat.pickup.minecraft.egg":2,"stat.playOneMinute":155442,"stat.useItem.minecraft.cyan_shulker_box":15,"stat.killEntity.Zombie":206,"stat.diveOneCm":3716,"stat.drop.minecraft.diamond_pickaxe":2,"stat.chestOpened":2,"stat.useItem.minecraft.splash_potion":86,"stat.useItem.minecraft.stone":11,"stat.useItem.minecraft.ender_chest":1,"stat.pickup.minecraft.diamond_sword":2,"stat.jump":581,"stat.pickup.minecraft.cooked_chicken":2,"stat.fallOneCm":13888,"stat.drop.minecraft.stone":1,"stat.pickup.minecraft.carrot":4,"stat.drop.minecraft.diamond_sword":1,"stat.pickup.minecraft.gunpowder":64,"stat.crouchOneCm":2843,"stat.craftingTableInteraction":27,"stat.useItem.minecraft.redstone_lamp":1,"stat.damageTaken":1833,"stat.pickup.minecraft.feather":4,"stat.useItem.minecraft.gold_block":5,"stat.pickup.minecraft.potato":3,"stat.damageDealt":6828,"stat.drop.minecraft.cooked_chicken":2,"stat.useItem.minecraft.crafting_table":2,"stat.drop.minecraft.stick":2,"stat.useItem.minecraft.command_block":1,"stat.walkOneCm":198916,"stat.useItem.minecraft.chest":2,"stat.playerKills":1,"stat.drop.minecraft.rotten_flesh":127,"stat.useItem.minecraft.cobblestone":3,"stat.useItem.minecraft.redstone_block":1,"stat.drop.minecraft.carrot":1,"stat.shulkerBoxOpened":67,"stat.pickup.minecraft.stone":1,"stat.drop.minecraft.diamond_leggings":1,"stat.drop.minecraft.potato":1,"stat.useItem.minecraft.tallgrass":77,"stat.useItem.minecraft.fireworks":90,"stat.drop.minecraft.bow":1,"stat.killEntity.Chicken":1,"stat.pickup.minecraft.diamond_helmet":1,"stat.drop.minecraft.crafting_table":1,"stat.drop.minecraft.diamond_boots":3,"stat.mobKills":296,"stat.pickup.minecraft.diamond_boots":3,"stat.useItem.minecraft.mossy_cobblestone":1,"stat.sneakTime":2112,"stat.drop.minecraft.diamond_shovel":1,"stat.pickup.minecraft.elytra":1}