{"stat.useItem.minecraft.lapis_block":34,"stat.leaveGame":24,"stat.useItem.minecraft.beacon":6,"stat.useItem.minecraft.bookshelf":14,"stat.killEntity.Ozelot":1,"stat.useItem.minecraft.skull":625,"stat.useItem.minecraft.glowstone":11,"stat.swimOneCm":22563,"stat.climbOneCm":12328,"stat.useItem.minecraft.planks":99,"stat.useItem.minecraft.coal_block":65,"stat.enderchestOpened":13,"stat.useItem.minecraft.redstone_torch":10,"stat.useItem.minecraft.obsidian":54,"stat.useItem.minecraft.dirt":2191,"achievement.exploreAllBiomes":{"value":0,"progress":["Jungle","Ocean","The Void"]},"stat.useItem.minecraft.water_bucket":390,"stat.useItem.minecraft.red_flower":56,"stat.useItem.minecraft.egg":1,"stat.useItem.minecraft.leaves2":6,"stat.useItem.minecraft.vine":120,"stat.useItem.minecraft.rail":133,"stat.useItem.minecraft.anvil":3,"stat.flyOneCm":13724889,"stat.timeSinceDeath":120075,"stat.useItem.minecraft.sign":39,"stat.useItem.minecraft.melon_block":28,"stat.useItem.minecraft.wooden_slab":192,"stat.useItem.minecraft.iron_shovel":2,"stat.useItem.minecraft.iron_door":3,"stat.useItem.minecraft.acacia_stairs":66,"stat.useItem.minecraft.double_plant":144,"stat.useItem.minecraft.milk_bucket":5,"stat.useItem.minecraft.sea_lantern":12,"stat.useItem.minecraft.spruce_fence":107,"stat.useItem.minecraft.trapdoor":40,"stat.sprintOneCm":331755,"stat.useItem.minecraft.stained_glass":85,"stat.useItem.minecraft.fence":2,"stat.useItem.minecraft.stone_stairs":139,"stat.useItem.minecraft.stone_slab":171,"achievement.openInventory":477,"stat.useItem.minecraft.dye":76,"stat.useItem.minecraft.bucket":2,"stat.deaths":25,"stat.drop":2,"stat.playOneMinute":808973,"stat.useItem.minecraft.banner":8,"stat.useItem.minecraft.nether_brick":267,"stat.diveOneCm":69588,"stat.chestOpened":4,"stat.useItem.minecraft.stone":2693,"stat.useItem.minecraft.jungle_fence":38,"stat.useItem.minecraft.quartz_stairs":31,"stat.useItem.minecraft.waterlily":46,"stat.useItem.minecraft.carpet":19,"stat.useItem.minecraft.potion":3,"stat.useItem.minecraft.bedrock":575,"stat.jump":2443,"stat.useItem.minecraft.sand":162,"stat.fallOneCm":67858,"stat.crouchOneCm":39879,"stat.useItem.minecraft.nether_brick_fence":45,"stat.craftingTableInteraction":1,"stat.useItem.minecraft.sapling":1,"stat.useItem.minecraft.redstone_lamp":1,"stat.damageTaken":9935,"stat.useItem.minecraft.stone_brick_stairs":1,"stat.useItem.minecraft.gold_block":27,"stat.useItem.minecraft.furnace":19,"stat.useItem.minecraft.reeds":26,"stat.useItem.minecraft.end_portal_frame":1,"stat.damageDealt":110,"stat.useItem.minecraft.wool":1,"stat.useItem.minecraft.crafting_table":13,"stat.walkOneCm":356277,"stat.useItem.minecraft.torch":89,"stat.useItem.minecraft.chest":37,"stat.useItem.minecraft.log":37,"stat.useItem.minecraft.cobblestone":479,"stat.useItem.minecraft.tnt":7,"stat.useItem.minecraft.gravel":121,"stat.useItem.minecraft.lava_bucket":109,"stat.useItem.minecraft.gold_ore":102,"stat.useItem.minecraft.redstone_block":58,"stat.useItem.minecraft.spruce_stairs":54,"stat.useItem.minecraft.leaves":1589,"stat.useItem.minecraft.tallgrass":450,"stat.useItem.minecraft.fireworks":119,"stat.useItem.minecraft.prismarine":2,"stat.useItem.minecraft.barrier":21,"stat.useItem.minecraft.iron_block":26,"stat.mobKills":1,"stat.useItem.minecraft.stonebrick":811,"stat.useItem.minecraft.mossy_cobblestone":207,"stat.useItem.minecraft.wooden_axe":1,"stat.useItem.minecraft.web":173}