{"stat.chestOpened":20,"stat.walkOneCm":39648,"stat.leaveGame":1,"stat.mineBlock.minecraft.vine":1,"stat.damageTaken":230,"stat.mineBlock.minecraft.melon_block":3,"stat.mineBlock.minecraft.double_plant":1,"stat.useItem.minecraft.skull":1,"stat.flyOneCm":36179,"stat.pickup.minecraft.wheat_seeds":1,"stat.useItem.minecraft.melon":14,"stat.jump":250,"stat.mineBlock.minecraft.leaves":7,"stat.playOneMinute":12231,"stat.fallOneCm":12202,"stat.climbOneCm":1219,"stat.timeSinceDeath":12231,"stat.pickup.minecraft.dirt":5,"stat.useItem.minecraft.dirt":5,"stat.sprintOneCm":60802,"stat.mineBlock.minecraft.dirt":5,"stat.pickup.minecraft.melon":14,"achievement.exploreAllBiomes":{"value":0,"progress":["Jungle"]},"stat.mineBlock.minecraft.tallgrass":3,"stat.pickup.minecraft.skull":1}