{"stats":{"minecraft:dropped":{"minecraft:clay":1,"minecraft:spore_blossom":1,"minecraft:cobblestone":2,"minecraft:lantern":1,"minecraft:granite":1,"minecraft:red_stained_glass":1,"minecraft:stick":8,"minecraft:wooden_axe":1,"minecraft:cut_sandstone":1,"minecraft:iron_door":1,"minecraft:map":1,"minecraft:jungle_door":1,"minecraft:granite_slab":1,"minecraft:granite_stairs":1,"minecraft:cactus":1,"minecraft:smooth_sandstone":1,"minecraft:lapis_block":2,"minecraft:cobblestone_wall":1,"minecraft:tinted_glass":1,"minecraft:smooth_sandstone_stairs":1,"minecraft:magenta_concrete":1,"minecraft:blue_stained_glass":1,"minecraft:filled_map":18,"minecraft:sandstone_wall":1,"minecraft:cobblestone_slab":2,"minecraft:stone":4,"minecraft:gunpowder":1,"minecraft:andesite":1,"minecraft:jungle_log":1,"minecraft:sandstone":1,"minecraft:arrow":1},"minecraft:picked_up":{"minecraft:wooden_axe":1,"minecraft:birch_door":1,"minecraft:azure_bluet":7,"minecraft:brown_mushroom":4,"minecraft:cobblestone_slab":2,"minecraft:stick":8,"minecraft:stone":2,"minecraft:glow_item_frame":21,"minecraft:pointed_dripstone":13,"minecraft:arrow":1,"minecraft:cactus":7,"minecraft:cobblestone":2,"minecraft:oxeye_daisy":4,"minecraft:iron_door":2,"minecraft:andesite":1,"minecraft:filled_map":21,"minecraft:cobblestone_wall":1,"minecraft:gunpowder":1,"minecraft:map":1,"minecraft:lantern":1,"minecraft:red_carpet":2,"minecraft:spore_blossom":1,"minecraft:bamboo":131,"minecraft:spruce_door":2,"minecraft:red_stained_glass":1,"minecraft:magenta_concrete":1},"minecraft:used":{"minecraft:oak_fence":95,"minecraft:oak_trapdoor":6,"minecraft:moss_block":186,"minecraft:orange_dye":1,"minecraft:jungle_leaves":677,"minecraft:iron_bars":652,"minecraft:waxed_weathered_copper":11,"minecraft:flint_and_steel":8,"minecraft:dead_bush":118,"minecraft:polished_deepslate":44,"minecraft:orange_concrete":955,"minecraft:chiseled_deepslate":49,"minecraft:cracked_deepslate_bricks":4,"minecraft:smooth_quartz_slab":45,"minecraft:red_concrete":602,"minecraft:spruce_slab":1,"minecraft:polished_blackstone":93,"minecraft:ladder":42,"minecraft:black_carpet":20,"minecraft:spruce_planks":62,"minecraft:chest":4,"minecraft:tinted_glass":69,"minecraft:white_terracotta":3,"minecraft:stone":1872,"minecraft:brown_concrete":964,"minecraft:grass":46,"minecraft:quartz_stairs":55,"minecraft:bell":3,"minecraft:sculk_sensor":1,"minecraft:oak_door":3,"minecraft:dirt":186,"minecraft:weathered_copper":2,"minecraft:blue_stained_glass":27,"minecraft:jungle_planks":4,"minecraft:spruce_stairs":66,"minecraft:prismarine_brick_stairs":1,"minecraft:cobblestone_wall":36,"minecraft:nether_brick_slab":3,"minecraft:jungle_slab":119,"minecraft:stone_stairs":121,"minecraft:deepslate_brick_slab":55,"minecraft:oak_wood":5,"minecraft:raw_iron_block":5,"minecraft:jungle_trapdoor":9,"minecraft:tuff":137,"minecraft:beehive":3,"minecraft:blue_concrete":122,"minecraft:azure_bluet":19,"minecraft:fern":52,"minecraft:polished_deepslate_stairs":98,"minecraft:birch_door":2,"minecraft:glass":17,"minecraft:stone_brick_slab":27,"minecraft:red_shulker_box":6,"minecraft:dark_oak_planks":66,"minecraft:sea_lantern":64,"minecraft:stripped_dark_oak_wood":1,"minecraft:mangrove_log":2,"minecraft:netherite_shovel":4,"minecraft:coal_ore":18,"minecraft:light_gray_stained_glass":62,"minecraft:red_wool":269,"minecraft:waxed_cut_copper":10,"minecraft:quartz_slab":120,"minecraft:iron_block":256,"minecraft:lantern":20,"minecraft:grass_block":141,"minecraft:oak_stairs":19,"minecraft:jungle_log":51,"minecraft:polished_andesite_stairs":49,"minecraft:packed_mud":29,"minecraft:quartz_block":784,"minecraft:dark_oak_wood":4,"minecraft:dark_oak_slab":79,"minecraft:gray_concrete_powder":118,"minecraft:smooth_quartz":62,"minecraft:diorite_wall":6,"minecraft:barrel":18,"minecraft:stone_brick_stairs":159,"minecraft:stone_bricks":690,"minecraft:item_frame":5,"minecraft:bamboo":43,"minecraft:tripwire_hook":1,"minecraft:red_carpet":15,"minecraft:redstone_lamp":15,"minecraft:lime_concrete":4069,"minecraft:waxed_cut_copper_slab":6,"minecraft:iron_trapdoor":488,"minecraft:deepslate_tile_stairs":9,"minecraft:white_stained_glass_pane":6,"minecraft:podzol":53,"minecraft:acacia_wood":31,"minecraft:gold_block":30,"minecraft:cobbled_deepslate":27,"minecraft:red_dye":2,"minecraft:powder_snow_bucket":1,"minecraft:large_fern":1,"minecraft:stripped_spruce_wood":1,"minecraft:pointed_dripstone":971,"minecraft:calcite":2,"minecraft:deepslate_brick_wall":48,"minecraft:chiseled_polished_blackstone":4,"minecraft:dark_oak_stairs":327,"minecraft:water_bucket":251,"minecraft:end_rod":1,"minecraft:iron_ore":6,"minecraft:amethyst_block":24,"minecraft:cobblestone_stairs":3,"minecraft:spruce_door":8,"minecraft:lodestone":19,"minecraft:birch_planks":550,"minecraft:red_stained_glass":9,"minecraft:polished_andesite":184,"minecraft:dark_oak_sign":7,"minecraft:mud_brick_slab":2,"minecraft:oak_planks":1300,"minecraft:smooth_sandstone_slab":57,"minecraft:blue_wool":8,"minecraft:andesite_slab":15,"minecraft:cactus":73,"minecraft:cut_sandstone":138,"minecraft:brown_mushroom":9,"minecraft:redstone_block":7,"minecraft:white_dye":3,"minecraft:glow_ink_sac":5,"minecraft:beacon":5,"minecraft:clay":620,"minecraft:red_glazed_terracotta":33,"minecraft:cobblestone_slab":3,"minecraft:deepslate_bricks":374,"minecraft:conduit":1,"minecraft:smooth_quartz_stairs":116,"minecraft:oak_leaves":63,"minecraft:pink_concrete":2,"minecraft:white_wool":7,"minecraft:polished_deepslate_slab":16,"minecraft:glow_item_frame":75,"minecraft:jungle_wood":53,"minecraft:glow_berries":15,"minecraft:diamond_block":1,"minecraft:blue_dye":1,"minecraft:sand":495,"minecraft:stripped_dark_oak_log":1,"minecraft:light_blue_concrete":636,"minecraft:oak_slab":77,"minecraft:sculk_shrieker":1,"minecraft:blue_ice":5,"minecraft:yellow_concrete":221,"minecraft:cyan_dye":1,"minecraft:campfire":4,"minecraft:sponge":6,"minecraft:dripstone_block":613,"minecraft:stone_brick_wall":7,"minecraft:gray_concrete":10117,"minecraft:painting":8,"minecraft:shears":5,"minecraft:cobbled_deepslate_stairs":38,"minecraft:deepslate_brick_stairs":145,"minecraft:deepslate_tiles":86,"minecraft:redstone_torch":1,"minecraft:mud":17,"minecraft:piston":36,"minecraft:lever":57,"minecraft:green_concrete":48,"minecraft:light":66,"minecraft:black_concrete":67,"minecraft:oxeye_daisy":4,"minecraft:crying_obsidian":1,"minecraft:daylight_detector":31,"minecraft:acacia_sign":1,"minecraft:stripped_jungle_log":5,"minecraft:dark_oak_log":1,"minecraft:gray_stained_glass_pane":172,"minecraft:light_gray_concrete":38,"minecraft:heavy_weighted_pressure_plate":4,"minecraft:barrier":1448,"minecraft:oak_button":16,"minecraft:stone_button":35,"minecraft:map":1,"minecraft:netherite_axe":4,"minecraft:spore_blossom":2,"minecraft:magenta_concrete":11,"minecraft:stone_slab":18,"minecraft:red_terracotta":905,"minecraft:polished_granite":8,"minecraft:spruce_trapdoor":8,"minecraft:iron_door":8,"minecraft:deepslate":14,"minecraft:gravel":80,"minecraft:soul_lantern":4,"minecraft:granite_slab":125,"minecraft:chiseled_stone_bricks":72,"minecraft:nether_wart_block":6,"minecraft:coal_block":52,"minecraft:cobblestone":81,"minecraft:cobbled_deepslate_slab":90,"minecraft:red_concrete_powder":53,"minecraft:grindstone":1,"minecraft:dark_oak_fence":24,"minecraft:andesite_stairs":94,"minecraft:white_stained_glass":90,"minecraft:andesite":50,"minecraft:lapis_block":60,"minecraft:chain":106,"minecraft:glass_pane":3,"minecraft:smooth_stone_slab":69,"minecraft:end_portal_frame":1,"minecraft:waxed_cut_copper_stairs":8,"minecraft:stripped_oak_log":47,"minecraft:white_concrete":3444,"minecraft:coarse_dirt":317,"minecraft:gray_wool":106,"minecraft:sculk_vein":5,"minecraft:bone_meal":57,"minecraft:smooth_stone":103,"minecraft:birch_stairs":1},"minecraft:custom":{"minecraft:bell_ring":3,"minecraft:leave_game":42,"minecraft:time_since_death":1799947,"minecraft:climb_one_cm":624,"minecraft:sprint_one_cm":607265,"minecraft:walk_one_cm":1344008,"minecraft:drop":53,"minecraft:play_time":1799947,"minecraft:sneak_time":73379,"minecraft:walk_under_water_one_cm":51153,"minecraft:jump":6011,"minecraft:walk_on_water_one_cm":161064,"minecraft:total_world_time":1799994,"minecraft:time_since_rest":1799947,"minecraft:damage_taken":240,"minecraft:interact_with_beacon":1,"minecraft:swim_one_cm":1593,"minecraft:fly_one_cm":12172811,"minecraft:open_chest":17,"minecraft:crouch_one_cm":68077,"minecraft:fall_one_cm":1081}},"DataVersion":3337}