{"stats":{"minecraft:killed":{"minecraft:tropical_fish":4},"minecraft:custom":{"minecraft:time_since_rest":288405,"minecraft:sprint_one_cm":24731,"minecraft:walk_one_cm":68131,"minecraft:mob_kills":4,"minecraft:damage_dealt":100,"minecraft:swim_one_cm":123,"minecraft:fly_one_cm":6262869,"minecraft:open_chest":2,"minecraft:crouch_one_cm":3255,"minecraft:play_time":288405,"minecraft:sneak_time":12500,"minecraft:walk_under_water_one_cm":6169,"minecraft:jump":332,"minecraft:leave_game":3,"minecraft:time_since_death":288405,"minecraft:walk_on_water_one_cm":2233,"minecraft:climb_one_cm":101,"minecraft:total_world_time":288405},"minecraft:used":{"minecraft:oak_trapdoor":4,"minecraft:emerald_ore":1,"minecraft:cornflower":1,"minecraft:stone_sword":4,"minecraft:snow_block":142,"minecraft:grass_block":1057,"minecraft:barrier":8,"minecraft:polished_andesite":2,"minecraft:poppy":7,"minecraft:stone_button":63,"minecraft:polished_andesite_stairs":6,"minecraft:chest":1,"minecraft:stone":654,"minecraft:grass":8,"minecraft:flowering_azalea_leaves":29,"minecraft:polished_andesite_slab":3,"minecraft:oak_leaves":117,"minecraft:glow_berries":18,"minecraft:dirt":9,"minecraft:azalea_leaves":78,"minecraft:scaffolding":2,"minecraft:yellow_concrete":620,"minecraft:andesite":67,"minecraft:allium":1,"minecraft:oak_wood":212,"minecraft:tropical_fish_bucket":1,"minecraft:beehive":2,"minecraft:shears":9,"minecraft:azure_bluet":1,"minecraft:bone_meal":303,"minecraft:fern":5}},"DataVersion":3337}