{"stats":{"minecraft:dropped":{"minecraft:lantern":1,"minecraft:granite":1,"minecraft:stick":8,"minecraft:wooden_axe":1,"minecraft:cut_sandstone":1,"minecraft:jungle_door":1,"minecraft:granite_slab":1,"minecraft:granite_stairs":1,"minecraft:cactus":1,"minecraft:smooth_sandstone":1,"minecraft:polished_deepslate_wall":1,"minecraft:oxidized_copper":1,"minecraft:lapis_block":2,"minecraft:smooth_basalt":1,"minecraft:smooth_sandstone_stairs":1,"minecraft:sandstone_wall":1,"minecraft:sandstone":1},"minecraft:used":{"minecraft:oak_fence":140,"minecraft:trident":6,"minecraft:iron_bars":650,"minecraft:waxed_weathered_copper":383,"minecraft:flint_and_steel":8,"minecraft:dead_bush":118,"minecraft:polished_deepslate":333,"minecraft:orange_concrete":478,"minecraft:brain_coral_fan":4,"minecraft:cracked_deepslate_bricks":15,"minecraft:smooth_quartz_slab":132,"minecraft:red_concrete":2546,"minecraft:spruce_slab":5,"minecraft:polished_blackstone":60,"minecraft:ladder":53,"minecraft:mangrove_fence_gate":10,"minecraft:oak_sign":2,"minecraft:light_blue_terracotta":39,"minecraft:spruce_planks":73,"minecraft:chest":1,"minecraft:stone":32,"minecraft:brown_concrete":5,"minecraft:mangrove_fence":14,"minecraft:stripped_birch_wood":894,"minecraft:quartz_stairs":101,"minecraft:polished_blackstone_wall":8,"minecraft:mossy_stone_brick_slab":5,"minecraft:sandstone_wall":33,"minecraft:smooth_sandstone_stairs":19,"minecraft:waxed_weathered_cut_copper_stairs":80,"minecraft:tube_coral":4,"minecraft:debug_stick":232,"minecraft:oak_door":6,"minecraft:spruce_leaves":1,"minecraft:weathered_copper":2,"minecraft:dirt":70,"minecraft:spyglass":13,"minecraft:anvil":1,"minecraft:hopper":1,"minecraft:blue_stained_glass":102,"minecraft:spruce_stairs":171,"minecraft:cobblestone_wall":54,"minecraft:weathered_cut_copper_stairs":1,"minecraft:orange_wool":27,"minecraft:stone_stairs":63,"minecraft:deepslate_tile_slab":81,"minecraft:light_gray_glazed_terracotta":14,"minecraft:oak_wood":7,"minecraft:jungle_trapdoor":34,"minecraft:tuff":44,"minecraft:glow_lichen":1374,"minecraft:beehive":8,"minecraft:blue_concrete":892,"minecraft:oak_fence_gate":1,"minecraft:polished_deepslate_stairs":16,"minecraft:birch_door":5,"minecraft:shroomlight":463,"minecraft:glass":2166,"minecraft:waxed_oxidized_copper":23,"minecraft:stone_brick_slab":166,"minecraft:dark_oak_planks":100,"minecraft:sea_lantern":499,"minecraft:cyan_terracotta":107,"minecraft:stripped_dark_oak_wood":1,"minecraft:bricks":2,"minecraft:bookshelf":2,"minecraft:light_gray_stained_glass":52,"minecraft:quartz_pillar":48,"minecraft:mangrove_stairs":1,"minecraft:red_wool":19,"minecraft:quartz_slab":89,"minecraft:iron_block":57,"minecraft:lantern":6,"minecraft:grass_block":74,"minecraft:oak_stairs":45,"minecraft:polished_andesite_stairs":79,"minecraft:polished_deepslate_wall":299,"minecraft:quartz_block":26,"minecraft:dark_oak_slab":66,"minecraft:smooth_quartz":463,"minecraft:diorite_wall":12,"minecraft:stone_brick_stairs":416,"minecraft:stone_bricks":842,"minecraft:smooth_basalt":10,"minecraft:warped_stairs":59,"minecraft:birch_trapdoor":2,"minecraft:purple_concrete":3456,"minecraft:red_carpet":203,"minecraft:redstone_lamp":9,"minecraft:lime_concrete":242,"minecraft:bow":54,"minecraft:black_stained_glass":608,"minecraft:horn_coral":1,"minecraft:hay_block":16,"minecraft:gray_glazed_terracotta":21,"minecraft:iron_trapdoor":36,"minecraft:white_stained_glass_pane":73,"minecraft:oxidized_copper":503,"minecraft:deepslate_tile_stairs":10,"minecraft:oxidized_cut_copper_stairs":57,"minecraft:podzol":1,"minecraft:acacia_wood":46,"minecraft:horn_coral_block":16,"minecraft:fire_coral_fan":9,"minecraft:cobbled_deepslate":5,"minecraft:seagrass":46,"minecraft:horn_coral_fan":16,"minecraft:stripped_spruce_wood":1,"minecraft:brain_coral_block":20,"minecraft:cobbled_deepslate_wall":2,"minecraft:dark_oak_sapling":5,"minecraft:mangrove_leaves":6,"minecraft:calcite":41,"minecraft:deepslate_brick_wall":6,"minecraft:chiseled_polished_blackstone":20,"minecraft:dark_oak_stairs":367,"minecraft:mossy_stone_bricks":1,"minecraft:water_bucket":236,"minecraft:end_rod":207,"minecraft:tube_coral_fan":10,"minecraft:light_blue_glazed_terracotta":4,"minecraft:tube_coral_block":3,"minecraft:sandstone_stairs":18,"minecraft:birch_planks":698,"minecraft:red_stained_glass":44,"minecraft:polished_andesite":161,"minecraft:acacia_trapdoor":85,"minecraft:dark_oak_sign":94,"minecraft:oak_planks":576,"minecraft:bubble_coral_fan":10,"minecraft:blackstone":2,"minecraft:smooth_sandstone_slab":44,"minecraft:andesite_slab":57,"minecraft:cactus":73,"minecraft:sandstone":31,"minecraft:redstone_block":20,"minecraft:composter":7,"minecraft:spruce_sign":1,"minecraft:beacon":5,"minecraft:glow_ink_sac":1,"minecraft:spruce_fence_gate":3,"minecraft:cobblestone_slab":56,"minecraft:deepslate_bricks":144,"minecraft:smooth_quartz_stairs":268,"minecraft:cracked_stone_bricks":19,"minecraft:oak_leaves":12,"minecraft:pink_concrete":270,"minecraft:white_wool":3,"minecraft:brain_coral":5,"minecraft:waxed_exposed_copper":16,"minecraft:dark_oak_trapdoor":66,"minecraft:sand":445,"minecraft:terracotta":17,"minecraft:mangrove_trapdoor":10,"minecraft:light_blue_concrete":724,"minecraft:oak_slab":56,"minecraft:loom":6,"minecraft:waxed_weathered_cut_copper_slab":4,"minecraft:smooth_red_sandstone":6,"minecraft:yellow_concrete":1099,"minecraft:crossbow":21,"minecraft:note_block":1,"minecraft:sponge":6,"minecraft:oxidized_cut_copper_slab":5,"minecraft:dark_oak_fence_gate":1,"minecraft:blackstone_wall":8,"minecraft:ochre_froglight":23,"minecraft:fire_coral":9,"minecraft:gray_concrete":36,"minecraft:mangrove_sign":10,"minecraft:deepslate_brick_stairs":31,"minecraft:deepslate_tiles":86,"minecraft:birch_fence":32,"minecraft:redstone_torch":1,"minecraft:oak_log":3,"minecraft:dark_prismarine":46,"minecraft:netherite_block":2,"minecraft:piston":3,"minecraft:lever":5,"minecraft:green_concrete":30,"minecraft:flower_pot":5,"minecraft:light":66,"minecraft:black_concrete":67,"minecraft:waxed_exposed_cut_copper_stairs":1,"minecraft:daylight_detector":1,"minecraft:mangrove_door":2,"minecraft:acacia_door":6,"minecraft:acacia_sign":3,"minecraft:dark_oak_log":1,"minecraft:birch_slab":97,"minecraft:heavy_weighted_pressure_plate":2,"minecraft:barrier":76,"minecraft:stone_button":24,"minecraft:cyan_concrete":476,"minecraft:magenta_concrete":357,"minecraft:stone_slab":96,"minecraft:polished_granite":8,"minecraft:spruce_trapdoor":9,"minecraft:deepslate":53,"minecraft:gravel":79,"minecraft:flowering_azalea_leaves":239,"minecraft:polished_andesite_slab":150,"minecraft:blue_carpet":183,"minecraft:chiseled_stone_bricks":11,"minecraft:fire_coral_block":29,"minecraft:coal_block":275,"minecraft:cobblestone":19,"minecraft:azalea_leaves":433,"minecraft:cobbled_deepslate_slab":152,"minecraft:dark_oak_fence":46,"minecraft:waxed_oxidized_cut_copper_stairs":1,"minecraft:stripped_oak_wood":1,"minecraft:andesite_stairs":153,"minecraft:white_stained_glass":41,"minecraft:chain":47,"minecraft:bubble_coral_block":12,"minecraft:andesite":42,"minecraft:lapis_block":60,"minecraft:bucket":2,"minecraft:glass_pane":15,"minecraft:mossy_cobblestone_wall":3,"minecraft:sea_pickle":57,"minecraft:stripped_oak_log":47,"minecraft:gray_wool":244,"minecraft:splash_potion":2,"minecraft:jukebox":1,"minecraft:bone_meal":25,"minecraft:smooth_stone":100,"minecraft:birch_stairs":229,"minecraft:diorite_slab":14,"minecraft:cobweb":4,"minecraft:gray_stained_glass":389},"minecraft:picked_up":{"minecraft:wooden_axe":1,"minecraft:birch_door":1,"minecraft:polished_deepslate_wall":1,"minecraft:stick":8,"minecraft:mangrove_sign":4,"minecraft:cactus":7,"minecraft:oxidized_copper":1,"minecraft:bone_meal":3},"minecraft:custom":{"minecraft:leave_game":51,"minecraft:time_since_death":1903079,"minecraft:climb_one_cm":2062,"minecraft:sprint_one_cm":848848,"minecraft:walk_one_cm":1367305,"minecraft:drop":19,"minecraft:play_time":2435222,"minecraft:deaths":1,"minecraft:sneak_time":87176,"minecraft:walk_under_water_one_cm":882856,"minecraft:jump":7693,"minecraft:walk_on_water_one_cm":339323,"minecraft:total_world_time":2435269,"minecraft:interact_with_loom":1,"minecraft:pot_flower":5,"minecraft:time_since_rest":1903099,"minecraft:damage_taken":160,"minecraft:swim_one_cm":8552,"minecraft:fly_one_cm":20196408,"minecraft:open_chest":17,"minecraft:crouch_one_cm":67039,"minecraft:fall_one_cm":209}},"DataVersion":3218}