{"stat.flyOneCm":54115,"stat.useItem.minecraft.lapis_block":58,"stat.walkOneCm":17287,"stat.useItem.minecraft.bedrock":60,"stat.jump":29,"stat.swimOneCm":1963,"stat.useItem.minecraft.snow":5,"stat.playOneMinute":3858,"stat.useItem.minecraft.redstone_lamp":2,"achievement.openInventory":2,"stat.useItem.minecraft.redstone_block":63,"stat.leaveGame":1,"stat.crouchOneCm":18,"stat.timeSinceDeath":3858,"stat.sprintOneCm":3059,"achievement.exploreAllBiomes":{"value":0,"progress":["Plains"]},"stat.diveOneCm":266}