{"stats":{"minecraft:custom":{"minecraft:time_since_rest":170923,"minecraft:crouch_one_cm":3113,"minecraft:sprint_one_cm":22410,"minecraft:play_time":170923,"minecraft:walk_one_cm":136798,"minecraft:sneak_time":6069,"minecraft:jump":327,"minecraft:leave_game":4,"minecraft:time_since_death":170923,"minecraft:total_world_time":170944,"minecraft:fly_one_cm":1558041,"minecraft:fall_one_cm":209},"minecraft:used":{"minecraft:oak_log":4,"minecraft:netherrack":1,"minecraft:bedrock":10,"minecraft:oak_leaves":37,"minecraft:redstone_lamp":8,"minecraft:iron_bars":42,"minecraft:dirt":143,"minecraft:snow":689,"minecraft:flint_and_steel":1,"minecraft:hay_block":1,"minecraft:snow_block":2059,"minecraft:iron_block":10,"minecraft:lantern":4,"minecraft:red_stained_glass":71,"minecraft:spruce_wood":3,"minecraft:oak_sapling":40,"minecraft:grass_block":55,"minecraft:spruce_slab":20,"minecraft:spruce_stairs":33,"minecraft:blue_ice":120,"minecraft:waxed_oxidized_cut_copper":35,"minecraft:campfire":2,"minecraft:stone":195,"minecraft:spruce_trapdoor":56,"minecraft:redstone_block":23,"minecraft:spruce_fence":35,"minecraft:bone_meal":162,"minecraft:stripped_spruce_wood":166,"minecraft:fern":10}},"DataVersion":3218}