{"stats":{"minecraft:used":{"minecraft:deepslate_brick_wall":7,"minecraft:moss_block":96,"minecraft:jungle_leaves":22,"minecraft:end_rod":1,"minecraft:iron_bars":2,"minecraft:snow_block":940,"minecraft:orange_concrete":1136,"minecraft:dead_bush":14,"minecraft:birch_leaves":99,"minecraft:smooth_quartz_slab":169,"minecraft:red_stained_glass":36,"minecraft:red_concrete":274,"minecraft:dead_tube_coral_fan":1,"minecraft:bone_block":546,"minecraft:oak_sign":5,"minecraft:blue_wool":14,"minecraft:stone":2000,"minecraft:redstone_block":27,"minecraft:beacon":8,"minecraft:oak_leaves":156,"minecraft:smooth_quartz_stairs":193,"minecraft:white_wool":162,"minecraft:spruce_leaves":66,"minecraft:orange_stained_glass":328,"minecraft:torch":1,"minecraft:blue_dye":2,"minecraft:dirt":217,"minecraft:anvil":2,"minecraft:light_blue_concrete":145,"minecraft:blue_stained_glass":76,"minecraft:dead_tube_coral":31,"minecraft:oak_wood":24,"minecraft:gray_concrete":1797,"minecraft:tuff":494,"minecraft:blue_concrete":55,"minecraft:black_concrete":449,"minecraft:flower_pot":2,"minecraft:sea_lantern":126,"minecraft:cyan_terracotta":1943,"minecraft:warped_trapdoor":4,"minecraft:light_gray_stained_glass":4,"minecraft:daylight_detector":3,"minecraft:red_wool":3399,"minecraft:light_gray_concrete":1430,"minecraft:command_block":2,"minecraft:quartz_slab":2,"minecraft:iron_block":19,"minecraft:grass_block":127,"minecraft:rooted_dirt":101,"minecraft:barrier":270,"minecraft:stone_button":53,"minecraft:spore_blossom":13,"minecraft:smooth_quartz":454,"minecraft:flowering_azalea_leaves":5,"minecraft:dead_horn_coral":37,"minecraft:black_stained_glass":10,"minecraft:lime_concrete":163,"minecraft:cobblestone":77,"minecraft:snow":701,"minecraft:azalea_leaves":12,"minecraft:lime_stained_glass":758,"minecraft:white_stained_glass":5,"minecraft:andesite":69,"minecraft:lapis_block":26,"minecraft:chain":20,"minecraft:coarse_dirt":142,"minecraft:white_concrete":2636,"minecraft:red_dye":3,"minecraft:orange_stained_glass_pane":312,"minecraft:stripped_spruce_wood":105,"minecraft:green_stained_glass":416},"minecraft:dropped":{"minecraft:snow_block":1,"minecraft:red_concrete":1,"minecraft:coarse_dirt":2,"minecraft:deepslate_brick_wall":1,"minecraft:lime_concrete":4,"minecraft:smooth_quartz_stairs":2,"minecraft:lime_stained_glass":5,"minecraft:tuff":1,"minecraft:orange_concrete":2,"minecraft:cobblestone":1,"minecraft:barrier":1,"minecraft:waxed_weathered_copper":1,"minecraft:blue_concrete":2,"minecraft:rooted_dirt":3,"minecraft:orange_stained_glass":2,"minecraft:blue_stained_glass":1,"minecraft:warped_trapdoor":1,"minecraft:snow":1,"minecraft:sea_lantern":4,"minecraft:dirt":3,"minecraft:gray_concrete":1,"minecraft:tipped_arrow":1,"minecraft:stone":2,"minecraft:stone_button":1,"minecraft:dead_tube_coral":1,"minecraft:wooden_axe":1,"minecraft:andesite":1,"minecraft:white_concrete":2,"minecraft:smooth_quartz":1,"minecraft:dead_bush":1,"minecraft:smooth_quartz_slab":1,"minecraft:chain":2,"minecraft:iron_bars":1,"minecraft:bone_block":1,"minecraft:flowering_azalea":1,"minecraft:beacon":2,"minecraft:orange_stained_glass_pane":1,"minecraft:green_stained_glass":4,"minecraft:quartz_slab":1},"minecraft:killed":{"minecraft:bat":3},"minecraft:custom":{"minecraft:mob_kills":3,"minecraft:pot_flower":2,"minecraft:leave_game":10,"minecraft:time_since_death":490225,"minecraft:time_since_rest":490225,"minecraft:sprint_one_cm":89928,"minecraft:walk_one_cm":250614,"minecraft:drop":65,"minecraft:damage_dealt":230,"minecraft:interact_with_beacon":5,"minecraft:fly_one_cm":13522597,"minecraft:crouch_one_cm":12161,"minecraft:play_time":490225,"minecraft:sneak_time":39563,"minecraft:jump":761,"minecraft:total_world_time":606476},"minecraft:picked_up":{"minecraft:orange_stained_glass":1,"minecraft:stick":2,"minecraft:stone_button":2}},"DataVersion":2975}