{"stat.useItem.minecraft.redstone_block":16,"stat.crouchOneCm":3802,"stat.useItem.minecraft.wooden_door":14,"achievement.openInventory":89,"stat.useItem.minecraft.web":26,"stat.useItem.minecraft.cobblestone":314,"stat.useItem.minecraft.fence":422,"achievement.exploreAllBiomes":{"value":0,"progress":["Desert","Plains"]},"stat.useItem.minecraft.log":2223,"stat.useItem.minecraft.iron_block":9,"stat.useItem.minecraft.planks":38,"stat.useItem.minecraft.rail":32,"stat.useItem.minecraft.quartz_stairs":17,"stat.useItem.minecraft.ladder":115,"stat.flyOneCm":3916001,"stat.useItem.minecraft.double_plant":468,"stat.useItem.minecraft.redstone_lamp":3,"stat.climbOneCm":4005,"stat.useItem.minecraft.oak_stairs":318,"stat.useItem.minecraft.yellow_flower":1,"stat.timeSinceDeath":297008,"stat.leaveGame":7,"stat.useItem.minecraft.glowstone":27,"achievement.mineWood":1,"stat.useItem.minecraft.gravel":42,"stat.useItem.minecraft.lapis_block":5,"stat.playOneMinute":297008,"stat.useItem.minecraft.wool":146,"stat.useItem.minecraft.sand":34,"stat.jump":605,"stat.useItem.minecraft.wooden_slab":794,"stat.useItem.minecraft.beacon":1,"stat.useItem.minecraft.tallgrass":257,"stat.walkOneCm":287193,"stat.useItem.minecraft.sea_lantern":8,"stat.sprintOneCm":89888,"stat.useItem.minecraft.dirt":171}