{"stat.useItem.minecraft.lapis_block":62,"stat.walkOneCm":21452,"stat.useItem.minecraft.redstone_lamp":2,"achievement.openInventory":5,"stat.useItem.minecraft.stone":2,"stat.useItem.minecraft.quartz_stairs":2,"stat.leaveGame":3,"stat.useItem.minecraft.sponge":2,"stat.useItem.minecraft.iron_block":7,"stat.flyOneCm":101795,"stat.useItem.minecraft.bedrock":29,"stat.jump":46,"stat.swimOneCm":31,"stat.playOneMinute":5181,"stat.useItem.minecraft.redstone_block":38,"stat.crouchOneCm":127,"stat.timeSinceDeath":5181,"stat.sprintOneCm":5995,"stat.useItem.minecraft.spawn_egg":1,"achievement.exploreAllBiomes":{"value":0,"progress":["Forest","Plains"]}}