{"stats":{"minecraft:killed_by":{"minecraft:vindicator":3},"minecraft:custom":{"minecraft:time_since_rest":46536,"minecraft:crouch_one_cm":4171,"minecraft:play_time":865986,"minecraft:sprint_one_cm":65410,"minecraft:deaths":14,"minecraft:damage_taken":284045,"minecraft:walk_one_cm":139682,"minecraft:sneak_time":3390,"minecraft:mob_kills":5,"minecraft:jump":268,"minecraft:damage_dealt":3475,"minecraft:leave_game":4,"minecraft:time_since_death":46535,"minecraft:climb_one_cm":178,"minecraft:total_world_time":865986,"minecraft:fall_one_cm":58512,"minecraft:fly_one_cm":111372,"minecraft:player_kills":1},"minecraft:mined":{"minecraft:grass":2,"minecraft:glass":2,"minecraft:fern":2},"minecraft:killed":{"minecraft:vindicator":5},"minecraft:used":{"minecraft:oak_log":3,"minecraft:glass":79,"minecraft:stone_sword":15,"minecraft:spyglass":50,"minecraft:bow":7,"minecraft:tnt":34,"minecraft:barrier":1,"minecraft:crossbow":442,"minecraft:red_terracotta":5,"minecraft:iron_sword":50}},"DataVersion":3337}