{"stat.useItem.minecraft.lapis_block":247,"stat.useItem.minecraft.bone_block":25,"stat.walkOneCm":36757,"stat.useItem.minecraft.ice":3,"stat.useItem.minecraft.sandstone_stairs":35,"stat.useItem.minecraft.redstone_lamp":2,"achievement.openInventory":9,"stat.leaveGame":2,"stat.useItem.minecraft.iron_block":1,"stat.flyOneCm":192692,"stat.useItem.minecraft.bedrock":2,"stat.jump":108,"stat.swimOneCm":677,"stat.useItem.minecraft.snow":18,"stat.playOneMinute":14277,"stat.useItem.minecraft.redstone_block":251,"stat.sneakTime":412,"stat.crouchOneCm":956,"stat.timeSinceDeath":14277,"stat.useItem.minecraft.redstone_torch":1,"stat.sprintOneCm":13012,"stat.useItem.minecraft.stained_glass":406,"achievement.exploreAllBiomes":{"value":0,"progress":["The Void"]},"stat.diveOneCm":7883}