{"stat.walkOneCm":298888,"stat.leaveGame":15,"stat.pickup.minecraft.diamond_shovel":1,"stat.useItem.minecraft.potion":1,"stat.jump":887,"stat.useItem.minecraft.sand":121,"stat.swimOneCm":33944,"stat.fallOneCm":1463,"stat.crouchOneCm":12274,"stat.sprintOneCm":181899,"stat.useItem.minecraft.diamond_shovel":2817,"stat.useItem.minecraft.stone_slab2":5709,"stat.pickup.minecraft.end_rod":1,"achievement.exploreAllBiomes":{"value":0,"progress":["The Void"]},"stat.useItem.minecraft.water_bucket":217,"stat.pickup.minecraft.sand":16,"achievement.openInventory":82,"stat.useItem.minecraft.lingering_potion":1,"stat.flyOneCm":10565557,"stat.mineBlock.minecraft.snow":2817,"stat.playOneMinute":537082,"stat.sneakTime":17266,"stat.timeSinceDeath":537082,"stat.pickup.minecraft.packed_ice":1,"stat.diveOneCm":169168}