{"stats":{"minecraft:killed":{"minecraft:turtle":2,"minecraft:tropical_fish":4},"minecraft:picked_up":{"minecraft:snow":1,"minecraft:spruce_button":1},"minecraft:custom":{"minecraft:mob_kills":6,"minecraft:time_since_death":659944,"minecraft:leave_game":8,"minecraft:climb_one_cm":4409,"minecraft:time_since_rest":659944,"minecraft:sprint_one_cm":67728,"minecraft:walk_one_cm":325371,"minecraft:drop":2,"minecraft:damage_dealt":700,"minecraft:swim_one_cm":1912,"minecraft:fly_one_cm":9006384,"minecraft:open_chest":2,"minecraft:crouch_one_cm":9578,"minecraft:play_time":659944,"minecraft:sneak_time":25556,"minecraft:walk_under_water_one_cm":22074,"minecraft:jump":823,"minecraft:walk_on_water_one_cm":12805,"minecraft:total_world_time":659944},"minecraft:dropped":{"minecraft:spruce_button":1,"minecraft:snow":1},"minecraft:used":{"minecraft:turtle_spawn_egg":1,"minecraft:oak_trapdoor":4,"minecraft:moss_block":216,"minecraft:emerald_ore":1,"minecraft:dark_oak_stairs":12,"minecraft:water_bucket":19,"minecraft:end_rod":2,"minecraft:rose_bush":1,"minecraft:stone_sword":4,"minecraft:amethyst_block":4,"minecraft:purple_candle":16,"minecraft:snow_block":609,"minecraft:flint_and_steel":31,"minecraft:dark_oak_sign":4,"minecraft:smooth_quartz_slab":13,"minecraft:gray_carpet":8,"minecraft:red_concrete":191,"minecraft:polished_blackstone":15,"minecraft:spruce_slab":14,"minecraft:polished_andesite":2,"minecraft:lime_wool":25,"minecraft:poppy":7,"minecraft:blue_wool":36,"minecraft:waxed_oxidized_cut_copper":2,"minecraft:chest":1,"minecraft:brown_concrete":14,"minecraft:stone":693,"minecraft:red_mushroom_block":1,"minecraft:redstone_block":14,"minecraft:quartz_stairs":48,"minecraft:sugar_cane":1,"minecraft:grass":8,"minecraft:polished_blackstone_wall":4,"minecraft:smooth_sandstone_stairs":9,"minecraft:smooth_quartz_stairs":75,"minecraft:oak_leaves":117,"minecraft:spruce_leaves":1246,"minecraft:white_wool":23,"minecraft:glow_berries":18,"minecraft:pink_candle":9,"minecraft:dark_oak_trapdoor":1,"minecraft:dirt":9,"minecraft:orange_carpet":2,"minecraft:sand":2,"minecraft:stripped_dark_oak_log":4,"minecraft:oak_slab":3,"minecraft:light_blue_wool":8,"minecraft:orange_wool":18,"minecraft:yellow_candle":10,"minecraft:yellow_concrete":620,"minecraft:allium":1,"minecraft:campfire":1,"minecraft:sponge":1,"minecraft:oak_wood":212,"minecraft:blackstone_wall":4,"minecraft:gray_concrete":2,"minecraft:beehive":2,"minecraft:cyan_wool":12,"minecraft:shears":9,"minecraft:azure_bluet":1,"minecraft:dark_oak_door":3,"minecraft:fern":5,"minecraft:orange_candle":9,"minecraft:shroomlight":13,"minecraft:iron_hoe":2,"minecraft:polished_blackstone_slab":21,"minecraft:light_blue_candle":10,"minecraft:black_concrete":32,"minecraft:lever":2,"minecraft:light":34,"minecraft:cornflower":1,"minecraft:sea_lantern":8,"minecraft:cyan_terracotta":6,"minecraft:stripped_dark_oak_wood":23,"minecraft:birch_fence_gate":2,"minecraft:red_wool":49,"minecraft:spruce_wood":594,"minecraft:command_block":4,"minecraft:quartz_slab":22,"minecraft:yellow_stained_glass":36,"minecraft:lantern":2,"minecraft:grass_block":1262,"minecraft:barrier":16,"minecraft:string":1,"minecraft:brown_wool":43,"minecraft:cyan_carpet":8,"minecraft:polished_andesite_stairs":6,"minecraft:stone_button":106,"minecraft:green_wool":69,"minecraft:stone_slab":3,"minecraft:red_candle":10,"minecraft:dark_oak_slab":8,"minecraft:spruce_trapdoor":5,"minecraft:gray_concrete_powder":6,"minecraft:smooth_quartz":148,"minecraft:raw_gold_block":20,"minecraft:diorite_wall":19,"minecraft:stone_bricks":2,"minecraft:flowering_azalea_leaves":29,"minecraft:polished_andesite_slab":3,"minecraft:yellow_wool":23,"minecraft:item_frame":6,"minecraft:bamboo":1,"minecraft:light_gray_wool":1,"minecraft:birch_trapdoor":1,"minecraft:glowstone":8,"minecraft:blue_candle":3,"minecraft:coal_block":28,"minecraft:snow":2753,"minecraft:azalea_leaves":78,"minecraft:scaffolding":18,"minecraft:white_stained_glass":15,"minecraft:andesite":67,"minecraft:lapis_block":10,"minecraft:chain":12,"minecraft:polished_blackstone_button":17,"minecraft:gold_block":65,"minecraft:ice":327,"minecraft:sea_pickle":1,"minecraft:tropical_fish_bucket":1,"minecraft:white_concrete":36,"minecraft:acacia_planks":1,"minecraft:powder_snow_bucket":6,"minecraft:turtle_egg":66,"minecraft:bone_meal":303,"minecraft:purple_wool":37,"minecraft:lime_candle":13}},"DataVersion":3337}