{"stats":{"minecraft:killed_by":{"minecraft:player":22},"minecraft:custom":{"minecraft:time_since_rest":49265,"minecraft:sprint_one_cm":274417,"minecraft:damage_taken":612805,"minecraft:walk_one_cm":357225,"minecraft:mob_kills":19,"minecraft:drop":1,"minecraft:damage_dealt":8625,"minecraft:damage_dealt_absorbed":118,"minecraft:swim_one_cm":4413,"minecraft:fly_one_cm":729040,"minecraft:player_kills":33,"minecraft:crouch_one_cm":10429,"minecraft:play_time":1109218,"minecraft:deaths":46,"minecraft:sneak_time":9516,"minecraft:walk_under_water_one_cm":7705,"minecraft:jump":1612,"minecraft:leave_game":17,"minecraft:time_since_death":49264,"minecraft:walk_on_water_one_cm":6605,"minecraft:climb_one_cm":2843,"minecraft:total_world_time":1109218,"minecraft:fall_one_cm":139137},"minecraft:picked_up":{"minecraft:chiseled_stone_bricks":1},"minecraft:mined":{"minecraft:red_terracotta":9,"minecraft:tnt":1,"minecraft:cave_vines_plant":8,"minecraft:grass":5,"minecraft:oak_log":3,"minecraft:cave_vines":7,"minecraft:glass":4,"minecraft:bricks":2,"minecraft:fern":1},"minecraft:dropped":{"minecraft:chiseled_stone_bricks":1},"minecraft:killed":{"minecraft:vindicator":9,"minecraft:wither_skeleton":1,"minecraft:slime":4,"minecraft:creeper":4},"minecraft:used":{"minecraft:oak_log":14,"minecraft:quartz_bricks":20,"minecraft:moss_block":3,"minecraft:nether_brick_fence":2,"minecraft:trident":9,"minecraft:sea_lantern":10,"minecraft:cyan_terracotta":80,"minecraft:stone_sword":80,"minecraft:bricks":46,"minecraft:dropper":5,"minecraft:grass_block":5,"minecraft:stone_pickaxe":13,"minecraft:barrier":9,"minecraft:quartz_block":1,"minecraft:ladder":22,"minecraft:dark_oak_slab":2,"minecraft:iron_sword":129,"minecraft:spruce_trapdoor":10,"minecraft:gray_concrete_powder":50,"minecraft:quartz_stairs":40,"minecraft:grass":5,"minecraft:flowering_azalea_leaves":13,"minecraft:stone_bricks":75,"minecraft:blue_banner":4,"minecraft:oak_leaves":35,"minecraft:stone_axe":3,"minecraft:chiseled_stone_bricks":9,"minecraft:brewing_stand":1,"minecraft:spyglass":126,"minecraft:bow":64,"minecraft:azalea_leaves":35,"minecraft:written_book":2,"minecraft:tnt":51,"minecraft:dark_oak_fence":2,"minecraft:chiseled_quartz_block":24,"minecraft:oak_wood":7,"minecraft:crossbow":455,"minecraft:cod":2,"minecraft:fern":1}},"DataVersion":3337}