{"stats":{"minecraft:killed_by":{"minecraft:player":33},"minecraft:killed":{"minecraft:vindicator":2,"minecraft:creeper":1},"minecraft:mined":{"minecraft:tnt":1,"minecraft:cave_vines_plant":9,"minecraft:ladder":2,"minecraft:grass":3,"minecraft:oak_log":3,"minecraft:cave_vines":6,"minecraft:lily_pad":7,"minecraft:bricks":1},"minecraft:custom":{"minecraft:time_since_rest":3746,"minecraft:sprint_one_cm":860658,"minecraft:walk_one_cm":279548,"minecraft:damage_taken":888603,"minecraft:damage_absorbed":118,"minecraft:mob_kills":5,"minecraft:damage_dealt":7436,"minecraft:swim_one_cm":4209,"minecraft:fly_one_cm":1510009,"minecraft:player_kills":21,"minecraft:crouch_one_cm":23700,"minecraft:play_time":1110316,"minecraft:deaths":57,"minecraft:sneak_time":13182,"minecraft:walk_under_water_one_cm":8011,"minecraft:jump":4416,"minecraft:leave_game":14,"minecraft:walk_on_water_one_cm":5231,"minecraft:time_since_death":3745,"minecraft:total_world_time":1110807,"minecraft:climb_one_cm":15367,"minecraft:fall_one_cm":990048},"minecraft:used":{"minecraft:oak_log":12,"minecraft:glass":31,"minecraft:stone_sword":38,"minecraft:bricks":11,"minecraft:dropper":5,"minecraft:heavy_weighted_pressure_plate":4,"minecraft:iron_axe":5,"minecraft:light_weighted_pressure_plate":2,"minecraft:stone_pickaxe":5,"minecraft:ladder":4,"minecraft:iron_sword":70,"minecraft:stone_axe":3,"minecraft:diamond_sword":55,"minecraft:brewing_stand":3,"minecraft:spyglass":86,"minecraft:bow":33,"minecraft:tnt":4,"minecraft:crossbow":160}},"DataVersion":3337}